INSERT INTO users (id, nickname) VALUES (1, '홍길동');
INSERT INTO users (id, nickname) VALUES (2, '김민지');
INSERT INTO products (id, brand_name, thumbnail_image_url, name, review_score, recent_review_score, review_count, original_price, sale_price, member_price, discount_rate, coupon_available, coupon_dday, unit_price, unit_quantity, unit, free_delivery, arrival_date, deadline_at, max_point) VALUES (1001, '고려은단몰', 'https://i.ibb.co/4ZMwmYG8/2026-05-13-12-12-31.png', '고려은단 메가도스C 비타민C 3000mg X 100포', 4.89, 4.90, 137443, 53900, 49900, NULL, 7, FALSE, NULL, 49900, 1, '개', TRUE, '2026-05-14', NULL, 6188);
INSERT INTO products (id, brand_name, thumbnail_image_url, name, review_score, recent_review_score, review_count, original_price, sale_price, member_price, discount_rate, coupon_available, coupon_dday, unit_price, unit_quantity, unit, free_delivery, arrival_date, deadline_at, max_point) VALUES (1002, '르무통', 'https://i.ibb.co/XxdpnV1C/2026-05-13-12-18-28.png', '르무통 메이트 발 편한 메리노울 운동화', 4.89, 4.90, 251721, 149000, 117900, NULL, 20, FALSE, NULL, 117900, 1, '개', TRUE, '2026-05-14', '2026-05-14 00:00:00', 19148);
INSERT INTO products (id, brand_name, thumbnail_image_url, name, review_score, recent_review_score, review_count, original_price, sale_price, member_price, discount_rate, coupon_available, coupon_dday, unit_price, unit_quantity, unit, free_delivery, arrival_date, deadline_at, max_point) VALUES (1003, '광동제약 직영스토어', 'https://i.ibb.co/s9jc1VmD/2026-05-13-12-22-25.png', '(광동 직영) 삼다수 무라벨 2L 6개 + 6개 (총 12개)', 4.91, 4.92, 482004, 13460, NULL, NULL, 0, FALSE, NULL, 56, 100, 'ml', TRUE, '2026-05-14', '2026-05-14 00:00:00', 1914);
INSERT INTO products (id, brand_name, thumbnail_image_url, name, review_score, recent_review_score, review_count, original_price, sale_price, member_price, discount_rate, coupon_available, coupon_dday, unit_price, unit_quantity, unit, free_delivery, arrival_date, deadline_at, max_point) VALUES (1004, '연세유업 직영스토어', 'https://i.ibb.co/j9yQhF4c/2026-05-13-12-25-37.png', '연세두유 리얼검은약콩 두유 프로틴 190ml, 6개', 4.84, 4.84, 1933, 10000, 7900, NULL, 21, FALSE, NULL, 693, 100, 'ml', FALSE, '2026-05-14', '2026-05-14 00:00:00', 1098);
INSERT INTO products (id, brand_name, thumbnail_image_url, name, review_score, recent_review_score, review_count, original_price, sale_price, member_price, discount_rate, coupon_available, coupon_dday, unit_price, unit_quantity, unit, free_delivery, arrival_date, deadline_at, max_point) VALUES (1005, 'Oren', 'https://i.ibb.co/Ng2VPj56/2026-05-13-12-27-16.png', '오랜 강화 소창수건 3겹 정련함(국내산 무형광 면사 100%)', 4.78, 4.73, 1249, 13000, NULL, NULL, 0, FALSE, NULL, 13000, 1, '개', FALSE, '2026-05-14', '2026-05-14 00:00:00', 2710);
INSERT INTO products (id, brand_name, thumbnail_image_url, name, review_score, recent_review_score, review_count, original_price, sale_price, member_price, discount_rate, coupon_available, coupon_dday, unit_price, unit_quantity, unit, free_delivery, arrival_date, deadline_at, max_point) VALUES (1006, '갑조네', 'https://i.ibb.co/h1xTwYct/2026-05-13-12-33-15.png', '갑조네 바질트리 허브식물 식용 허브 공기정화식물', 4.55, 4.84, 1206, 7800, NULL, NULL, 0, FALSE, NULL, 7800, 1, '개', FALSE, '2026-05-16', '2026-05-16 06:59:00', 1086);
INSERT INTO products (id, brand_name, thumbnail_image_url, name, review_score, recent_review_score, review_count, original_price, sale_price, member_price, discount_rate, coupon_available, coupon_dday, unit_price, unit_quantity, unit, free_delivery, arrival_date, deadline_at, max_point) VALUES (1007, '옳곡', 'https://i.ibb.co/JRy4F1gQ/2026-05-13-12-34-05.png', '저당 매실청 600g', 4.81, 4.81, 90, 14900, 12470, 10500, 16, FALSE, NULL, 14900, 1, '개', FALSE, '2026-05-16', '2026-05-16 06:59:00', 673);
INSERT INTO products (id, brand_name, thumbnail_image_url, name, review_score, recent_review_score, review_count, original_price, sale_price, member_price, discount_rate, coupon_available, coupon_dday, unit_price, unit_quantity, unit, free_delivery, arrival_date, deadline_at, max_point) VALUES (1008, '유팡', 'https://i.ibb.co/WWqvJhDY/2026-05-13-12-45-26.png', '유팡 UV 젖병소독기 시그니처 2', 4.94, 4.94, 6093, 465000, 368000, 348000, 20, TRUE, 34, 465000, 1, '개', TRUE, '2026-05-16', '2026-05-16 15:59:00', 38660);
INSERT INTO products (id, brand_name, thumbnail_image_url, name, review_score, recent_review_score, review_count, original_price, sale_price, member_price, discount_rate, coupon_available, coupon_dday, unit_price, unit_quantity, unit, free_delivery, arrival_date, deadline_at, max_point) VALUES (1009, '유라타임', 'https://i.ibb.co/wh8G1y66/2026-05-13-12-46-40.png', '유라타임 [MADE] 썸머 토스트 라운드 니트 가디건', 5.00, 5.00, 3, 49000, 25900, 24900, 47, TRUE, 35, 49000, 1, '개', TRUE, '2026-05-16', '2026-05-16 15:59:00', 3358);
INSERT INTO products (id, brand_name, thumbnail_image_url, name, review_score, recent_review_score, review_count, original_price, sale_price, member_price, discount_rate, coupon_available, coupon_dday, unit_price, unit_quantity, unit, free_delivery, arrival_date, deadline_at, max_point) VALUES (1010, '드라우프', 'https://i.ibb.co/7NddhDkg/2026-05-13-12-51-05.png', '캐릭터 그립톡 맥세이프 스마트톡 자석 핸드폰 거치대 구름몽', 4.84, 4.90, 1581, 4900, 1900, NULL, 61, FALSE, NULL, 4900, 1, '개', FALSE, '2026-05-15', '2026-05-13 23:59:59', 1028);
INSERT INTO products (id, brand_name, thumbnail_image_url, name, review_score, recent_review_score, review_count, original_price, sale_price, member_price, discount_rate, coupon_available, coupon_dday, unit_price, unit_quantity, unit, free_delivery, arrival_date, deadline_at, max_point) VALUES (1011, '산지도매센타', 'https://i.ibb.co/QvtPyt4K/2026-05-13-12-53-45.png', '대추 방울토마토 특품선별 아삭탱글 100% 논산 산지직송 최상품', 4.77, 4.77, 5853, 10900, 3850, NULL, 65, FALSE, NULL, 385, 100, 'g', FALSE, '2026-05-19', '2026-05-13 23:59:59', 611);
INSERT INTO products (id, brand_name, thumbnail_image_url, name, review_score, recent_review_score, review_count, original_price, sale_price, member_price, discount_rate, coupon_available, coupon_dday, unit_price, unit_quantity, unit, free_delivery, arrival_date, deadline_at, max_point) VALUES (1012, '산지도매센타', 'https://i.ibb.co/v6cFkLBN/2026-05-13-12-55-50.png', '26년 첫수확 성주직송 금싸라기 토종 참외', 4.61, 4.00, 4824, 20000, 10900, NULL, 45, FALSE, NULL, 1090, 100, 'g', FALSE, '2026-05-19', '2026-05-13 23:59:59', 1458);
INSERT INTO products (id, brand_name, thumbnail_image_url, name, review_score, recent_review_score, review_count, original_price, sale_price, member_price, discount_rate, coupon_available, coupon_dday, unit_price, unit_quantity, unit, free_delivery, arrival_date, deadline_at, max_point) VALUES (1013, 'MONGE', 'https://i.ibb.co/7xHkcqkW/2026-05-13-12-56-38.png', '[CAT]몬지 내추럴 슈퍼프리미엄 모노프로틴 스테럴라이즈드 송어 10kg / 중성화된 반려묘', 4.92, 4.92, 3830, 163000, 156480, 146480, 4, TRUE, 35, 1565, 100, 'g', TRUE, '2026-05-14', '2026-05-13 00:00:00', 20076);
INSERT INTO products (id, brand_name, thumbnail_image_url, name, review_score, recent_review_score, review_count, original_price, sale_price, member_price, discount_rate, coupon_available, coupon_dday, unit_price, unit_quantity, unit, free_delivery, arrival_date, deadline_at, max_point) VALUES (1014, '에버랜드 리조트', 'https://i.ibb.co/Ng4jJrFH/2026-05-13-1-00-03.png', '에버랜드 푸바오 마그넷', 4.96, 4.97, 1008, 12000, 3000, NULL, 75, FALSE, NULL, 12000, 1, '개', FALSE, '2026-05-14', '2026-05-13 00:00:00', NULL);
INSERT INTO products (id, brand_name, thumbnail_image_url, name, review_score, recent_review_score, review_count, original_price, sale_price, member_price, discount_rate, coupon_available, coupon_dday, unit_price, unit_quantity, unit, free_delivery, arrival_date, deadline_at, max_point) VALUES (1015, 'Gitden', 'https://i.ibb.co/JWJ8TJ6m/2026-05-13-1-02-46.png', '반려동물과 함께 쓰는 털 안붙는 알러지케어 나란히 여름 사계절 차렵 이불 단품 SS', 4.85, 4.86, 3649, 68000, 45900, 35900, 32, TRUE, 49, 68000, 1, '개', FALSE, '2026-05-15', '2026-05-13 00:00:00', 11048);
INSERT INTO products (id, brand_name, thumbnail_image_url, name, review_score, recent_review_score, review_count, original_price, sale_price, member_price, discount_rate, coupon_available, coupon_dday, unit_price, unit_quantity, unit, free_delivery, arrival_date, deadline_at, max_point) VALUES (1016, '하기스', 'https://i.ibb.co/v4p02dTm/2026-05-13-1-06-13.png', '하기스 NEW 네이처메이드 밤부', 4.94, 4.94, 3596, 346200, 192900, NULL, 44, FALSE, NULL, 635, 1, '매', TRUE, '2026-05-14', '2026-05-13 23:59:59', 23298);
INSERT INTO products (id, brand_name, thumbnail_image_url, name, review_score, recent_review_score, review_count, original_price, sale_price, member_price, discount_rate, coupon_available, coupon_dday, unit_price, unit_quantity, unit, free_delivery, arrival_date, deadline_at, max_point) VALUES (1017, '룰루맘', 'https://i.ibb.co/cSBxKM4d/2026-05-13-1-08-25.png', '룰루맘 리얼이구마 2박스 국산 무농약 꿀고구마 말랭이 스틱 여행용 어린이집 돌아기간식', 4.88, 4.90, 22722, 44000, 26900, NULL, 38, FALSE, NULL, 673, 10, 'g', TRUE, '2026-05-15', '2026-05-13 23:59:59', 3378);
INSERT INTO products (id, brand_name, thumbnail_image_url, name, review_score, recent_review_score, review_count, original_price, sale_price, member_price, discount_rate, coupon_available, coupon_dday, unit_price, unit_quantity, unit, free_delivery, arrival_date, deadline_at, max_point) VALUES (1018, '베르블랑', 'https://i.ibb.co/hRqq5VmR/2026-05-13-1-10-22.png', '베르블랑 중성 아기세제 리필 3개+섬유유연제 리필 3개', 4.91, 4.92, 3393, 105000, 54900, NULL, 51, TRUE, 51, 915, 100, 'ml', TRUE, '2026-05-15', '2026-05-13 23:59:59', 7188);
INSERT INTO products (id, brand_name, thumbnail_image_url, name, review_score, recent_review_score, review_count, original_price, sale_price, member_price, discount_rate, coupon_available, coupon_dday, unit_price, unit_quantity, unit, free_delivery, arrival_date, deadline_at, max_point) VALUES (1019, '그린핑거', 'https://i.ibb.co/JwRPRDQB/2026-05-13-1-11-37.png', '그린핑거 쿨링 선스프레이 포차코 에디션 95ml', 4.89, 4.89, 891, 20200, 13900, NULL, 31, FALSE, NULL, 146, 1, 'ml', TRUE, '2026-05-14', '2026-05-13 23:59:59', 3358);
INSERT INTO products (id, brand_name, thumbnail_image_url, name, review_score, recent_review_score, review_count, original_price, sale_price, member_price, discount_rate, coupon_available, coupon_dday, unit_price, unit_quantity, unit, free_delivery, arrival_date, deadline_at, max_point) VALUES (1020, '헬씨허그', 'https://i.ibb.co/jPwp7ttM/2026-05-13-1-13-51.png', '헬씨허그 하루 1포 블루베리 퓨레 100% 스틱', 4.91, 4.91, 74, 35000, 25900, NULL, 26, FALSE, NULL, 4317, 100, 'ml', TRUE, '2026-05-15', '2026-05-13 23:59:59', 3908);
INSERT INTO products (id, brand_name, thumbnail_image_url, name, review_score, recent_review_score, review_count, original_price, sale_price, member_price, discount_rate, coupon_available, coupon_dday, unit_price, unit_quantity, unit, free_delivery, arrival_date, deadline_at, max_point) VALUES (1021, '세인트새틴', 'https://i.ibb.co/4gK02Y3P/2026-05-13-1-15-42.png', '세인트새틴 브린 플립플랍 쪼리 쿠션 슬리퍼', 4.68, 4.73, 441, 59000, 29800, NULL, 49, FALSE, NULL, 59000, 1, '개', TRUE, '2026-05-14', '2026-05-13 23:59:59', 6706);
INSERT INTO products (id, brand_name, thumbnail_image_url, name, review_score, recent_review_score, review_count, original_price, sale_price, member_price, discount_rate, coupon_available, coupon_dday, unit_price, unit_quantity, unit, free_delivery, arrival_date, deadline_at, max_point) VALUES (1022, '오늘올레', 'https://i.ibb.co/7fYy99J/2026-05-13-1-17-43.png', '제주 갈치 특대 대왕 택배', 4.87, 4.88, 2324, 250000, 96000, 94000, 61, TRUE, 35, 3200, 100, 'g', TRUE, '2026-05-14', '2026-05-13 23:59:59', 12170);
INSERT INTO products (id, brand_name, thumbnail_image_url, name, review_score, recent_review_score, review_count, original_price, sale_price, member_price, discount_rate, coupon_available, coupon_dday, unit_price, unit_quantity, unit, free_delivery, arrival_date, deadline_at, max_point) VALUES (1023, '폴리몰리', 'https://i.ibb.co/YFW8P7jw/2026-05-13-1-23-56.png', 'NEW 폴리몰리 LT201 그랜드 1인용 대형 빈백 소파 스판 안락 의자 쿠션 스톤베이지', 4.86, 4.86, 504, 214000, 149000, NULL, 30, FALSE, NULL, 214000, 1, '개', TRUE, '2026-05-15', '2026-05-13 13:59:59', 23180);
INSERT INTO products (id, brand_name, thumbnail_image_url, name, review_score, recent_review_score, review_count, original_price, sale_price, member_price, discount_rate, coupon_available, coupon_dday, unit_price, unit_quantity, unit, free_delivery, arrival_date, deadline_at, max_point) VALUES (1024, '살랑 드 파리', 'https://i.ibb.co/WvGRHYkH/2026-05-13-1-26-16.png', '샬랑 드 파리 지속력 좋은 안 지워지는 쥬얼 샤인 립스틱, 4.5g', 4.50, 4.50, 2728, 68000, 25120, NULL, 63, FALSE, NULL, 68000, 1, '개', TRUE, '2026-05-14', '2026-05-13 23:59:59', 4163);
INSERT INTO products (id, brand_name, thumbnail_image_url, name, review_score, recent_review_score, review_count, original_price, sale_price, member_price, discount_rate, coupon_available, coupon_dday, unit_price, unit_quantity, unit, free_delivery, arrival_date, deadline_at, max_point) VALUES (1025, '리쥬엑스', 'https://i.ibb.co/BHvxF0wz/2026-05-13-1-28-40.png', '스페인 엑스트라버진 올리브오일 100% 캡슐 리쥬엑스 올리브유 1000mg x 30캡슐', 4.78, 4.78, 8004, 142200, 7900, NULL, 94, FALSE, NULL, 142200, 1, '개', FALSE, '2026-05-15', '2026-05-13 13:59:59', 1098);
INSERT INTO recommendation_sections (id, user_id) VALUES (1, 1);
INSERT INTO recommendation_products (id, recommendation_section_id, product_id, display_order) VALUES (1, 1, 1001, 1);
INSERT INTO recommendation_products (id, recommendation_section_id, product_id, display_order) VALUES (2, 1, 1002, 2);
INSERT INTO recommendation_products (id, recommendation_section_id, product_id, display_order) VALUES (3, 1, 1003, 3);
INSERT INTO orders (id, available_amount, available_point, available_money, hidden_point, all_use_amount, deferred_payment_available_amount) VALUES (101, 4858, 70, 4788, 0, 4858, 300000);
INSERT INTO orders (id, available_amount, available_point, available_money, hidden_point, all_use_amount, deferred_payment_available_amount) VALUES (102, 150, 70, 80, 0, 150, 300000);
INSERT INTO pending_points (id, order_id, total_point, purchase_total_point, basic_point, npay_money_point, review_point, membership_point) VALUES (201, 101, 1356, 268, 197, 71, 300, 788);
INSERT INTO pending_points (id, order_id, total_point, purchase_total_point, basic_point, npay_money_point, review_point, membership_point) VALUES (202, 102, 791, 291, 205, 86, 500, 0);
INSERT INTO card_benefits (id, product_id, title) VALUES (1, 1007, '라인프렌즈 카드 최대 249원 추가 적립(2%)');
INSERT INTO card_benefits (id, product_id, title) VALUES (2, 1008, '네이버페이 쇼핑엔로카 12개월 무이자 할부');
INSERT INTO card_benefits (id, product_id, title) VALUES (3, 1011, '라인프렌즈 카드 최대 77원 추가 적립(2%)');
INSERT INTO card_benefits (id, product_id, title) VALUES (4, 1013, '라인프렌즈 카드 최대 6,259원 추가 적립(4%)');
INSERT INTO card_benefits (id, product_id, title) VALUES (5, 1022, '라인프렌즈 카드 최대 1,920원 추가 적립(4%)');
INSERT INTO card_benefits (id, product_id, title) VALUES (6, 1023, '라인프렌즈 카드 최대 5,960원 추가 적립(4%)');
INSERT INTO card_benefits (id, product_id, title) VALUES (7, 1025, '라인프렌즈 카드 최대 158원 추가 적립(4%)');
INSERT INTO categories (id, name, icon_url) VALUES (1, '행사', 'https://left-lime-zthts5xe80.edgeone.app/행사.png');
INSERT INTO categories (id, name, icon_url) VALUES (2, '새벽배송', 'https://left-lime-zthts5xe80.edgeone.app/N배송.png');
INSERT INTO categories (id, name, icon_url) VALUES (3, '간편조리/밀키트', 'https://left-lime-zthts5xe80.edgeone.app/간편조리.png');
INSERT INTO categories (id, name, icon_url) VALUES (4, '음료/커피/전통주', 'https://left-lime-zthts5xe80.edgeone.app/음료커피.png');
INSERT INTO categories (id, name, icon_url) VALUES (5, '스낵/빵/떡', 'https://left-lime-zthts5xe80.edgeone.app/스낵.png');
INSERT INTO categories (id, name, icon_url) VALUES (6, '세제/세정제', 'https://left-lime-zthts5xe80.edgeone.app/세제.png');
INSERT INTO categories (id, name, icon_url) VALUES (7, '화장지/물티슈', 'https://left-lime-zthts5xe80.edgeone.app/화장지.png');
INSERT INTO categories (id, name, icon_url) VALUES (8, '영양제/다이어트', 'https://left-lime-zthts5xe80.edgeone.app/영양제.png');
INSERT INTO categories (id, name, icon_url) VALUES (9, '생활/주방', 'https://left-lime-zthts5xe80.edgeone.app/생활주방.png');
INSERT INTO categories (id, name, icon_url) VALUES (10, '라면/면', 'https://left-lime-zthts5xe80.edgeone.app/라면.png');
INSERT INTO categories (id, name, icon_url) VALUES (11, '헤어/바디/구강', 'https://left-lime-zthts5xe80.edgeone.app/헤어.png');
INSERT INTO categories (id, name, icon_url) VALUES (12, '건강용품', 'https://left-lime-zthts5xe80.edgeone.app/건강용품.png');
INSERT INTO categories (id, name, icon_url) VALUES (13, '방향/살충', 'https://left-lime-zthts5xe80.edgeone.app/방향,살충.png');
INSERT INTO categories (id, name, icon_url) VALUES (14, '조미료/소스', 'https://left-lime-zthts5xe80.edgeone.app/조미료.png');
INSERT INTO categories (id, name, icon_url) VALUES (15, '축산/농수산', 'https://left-lime-zthts5xe80.edgeone.app/축산.png');
INSERT INTO categories (id, name, icon_url) VALUES (16, '여성용품', 'https://left-lime-zthts5xe80.edgeone.app/여성용품.png');
INSERT INTO categories (id, name, icon_url) VALUES (17, '기저귀/분유', 'https://left-lime-zthts5xe80.edgeone.app/기저귀분유.png');
INSERT INTO categories (id, name, icon_url) VALUES (18, '유아용품', 'https://left-lime-zthts5xe80.edgeone.app/유아용품.png');
INSERT INTO categories (id, name, icon_url) VALUES (19, '유아동패션', 'https://left-lime-zthts5xe80.edgeone.app/유아패션.png');
INSERT INTO categories (id, name, icon_url) VALUES (20, '가전', 'https://left-lime-zthts5xe80.edgeone.app/가전.png');
INSERT INTO categories (id, name, icon_url) VALUES (21, 'PC/태블릿', 'https://left-lime-zthts5xe80.edgeone.app/PC.png');
INSERT INTO categories (id, name, icon_url) VALUES (22, '휴대폰/웨어러블', 'https://left-lime-zthts5xe80.edgeone.app/휴대폰.png');
INSERT INTO categories (id, name, icon_url) VALUES (23, '남성패션', 'https://left-lime-zthts5xe80.edgeone.app/남성패션.png');
INSERT INTO categories (id, name, icon_url) VALUES (24, '여성패션', 'https://left-lime-zthts5xe80.edgeone.app/여성패션.png');
INSERT INTO categories (id, name, icon_url) VALUES (25, '희망일설치', 'https://left-lime-zthts5xe80.edgeone.app/희망일설치.png');
INSERT INTO promotions (id, tag, ends_at) VALUES (301, '보장특가', '2026-05-23 23:59:59');
INSERT INTO promotions (id, tag, ends_at) VALUES (302, '보장특가', '2026-05-24 23:59:59');
INSERT INTO promotions (id, tag, ends_at) VALUES (303, '보장특가', '2026-05-25 23:59:59');
INSERT INTO promotion_products (id, promotion_id, product_id, item_tag, display_order) VALUES (401, 301, 1007, '브랜드데이', 1);
INSERT INTO promotion_products (id, promotion_id, product_id, item_tag, display_order) VALUES (402, 301, 1011, '+세일', 2);
INSERT INTO promotion_products (id, promotion_id, product_id, item_tag, display_order) VALUES (403, 301, 1015, '브랜드데이', 3);
INSERT INTO promotion_products (id, promotion_id, product_id, item_tag, display_order) VALUES (404, 301, 1017, '+세일', 4);
INSERT INTO promotion_products (id, promotion_id, product_id, item_tag, display_order) VALUES (405, 301, 1019, '브랜드데이', 5);
INSERT INTO promotion_products (id, promotion_id, product_id, item_tag, display_order) VALUES (406, 301, 1020, NULL, 6);
INSERT INTO promotion_products (id, promotion_id, product_id, item_tag, display_order) VALUES (407, 302, 1013, '브랜드데이', 1);
INSERT INTO promotion_products (id, promotion_id, product_id, item_tag, display_order) VALUES (408, 302, 1018, '+세일', 2);
INSERT INTO promotion_products (id, promotion_id, product_id, item_tag, display_order) VALUES (409, 302, 1022, '브랜드데이', 3);
INSERT INTO promotion_products (id, promotion_id, product_id, item_tag, display_order) VALUES (410, 302, 1023, NULL, 4);
INSERT INTO promotion_products (id, promotion_id, product_id, item_tag, display_order) VALUES (411, 303, 1010, '+세일', 1);
INSERT INTO promotion_products (id, promotion_id, product_id, item_tag, display_order) VALUES (412, 303, 1014, NULL, 2);
INSERT INTO promotion_products (id, promotion_id, product_id, item_tag, display_order) VALUES (413, 303, 1016, '+세일', 3);
INSERT INTO promotion_products (id, promotion_id, product_id, item_tag, display_order) VALUES (414, 303, 1024, NULL, 4);